{"cameraMode":{"drawMode":0,"name":"Shaded","section":"Shading Mode"},"sceneLighting":true,"audioPlay":false,"sceneViewState":{"showFog":true,"showMaterialUpdate":false,"showSkybox":true,"showFlares":true,"showImageEffects":true,"showParticleSystems":true},"in2DMode":false,"pivot":{"x":1.4071998596191407,"y":4.632169246673584,"z":-3.2964954376220705},"rotation":{"x":-0.03223675489425659,"y":0.9477527737617493,"z":-0.10161586850881577,"w":-0.30066677927970889},"size":10.0,"orthographic":false}