{"cameraMode":{"drawMode":0,"name":"Shaded","section":"Shading Mode"},"sceneLighting":true,"audioPlay":false,"sceneViewState":{"showFog":true,"showMaterialUpdate":true,"showSkybox":true,"showFlares":true,"showImageEffects":true,"showParticleSystems":true},"in2DMode":false,"pivot":{"x":-8.369791030883789,"y":-3.3470611572265627,"z":-19.93307113647461},"rotation":{"x":-0.004878060892224312,"y":-0.9431909322738648,"z":0.33194103837013247,"w":-0.013869884423911572},"size":25.525955200195314,"orthographic":false}