{"cameraMode":{"drawMode":0,"name":"Shaded","section":"Shading Mode"},"sceneLighting":true,"audioPlay":false,"sceneViewState":{"showFog":true,"showMaterialUpdate":true,"showSkybox":true,"showFlares":true,"showImageEffects":true,"showParticleSystems":true},"in2DMode":false,"pivot":{"x":10.725672721862793,"y":-35.107749938964847,"z":-83.29170989990235},"rotation":{"x":-0.01404580008238554,"y":-0.9780678153038025,"z":0.1956145018339157,"w":-0.07025155425071717},"size":62.58605194091797,"orthographic":false}